[{"id":"f97266fb-ccb7-430e-9384-4124d05295d3","alias":"Decorators","componentType":"Library","version":"1.14.0","manifestVersion":2,"loaderConfig":{"internalModuleBaseUrls":["https://localhost:4321/node_modules/@microsoft/decorators/dist/","https://localhost:4321/dist/"],"entryModuleId":"decorators","scriptResources":{"decorators":{"type":"path","path":"decorators_none_3626395d2d6df669e286.js"}}}},{"id":"73e1dc6c-8441-42cc-ad47-4bd3659f8a3a","alias":"SPLodashSubset","componentType":"Library","version":"1.14.0","manifestVersion":2,"loaderConfig":{"internalModuleBaseUrls":["https://localhost:4321/node_modules/@microsoft/sp-lodash-subset/dist/"],"entryModuleId":"sp-lodash-subset","scriptResources":{"sp-lodash-subset":{"type":"path","path":"sp-lodash-subset_b0090208238725ab2db3.js"}}}},{"id":"7263c7d0-1d6a-45ec-8d85-d4d1d234171b","alias":"SPCoreLibrary","componentType":"Library","version":"1.14.0","manifestVersion":2,"loaderConfig":{"internalModuleBaseUrls":["https://localhost:4321/node_modules/@microsoft/sp-core-library/dist/","https://localhost:4321/dist/"],"entryModuleId":"sp-core-library","scriptResources":{"sp-core-library":{"type":"localizedPath","paths":{"default":"sp-core-library_default_61a964b31ad6604a8f78.js","en-US":"sp-core-library_en-us_61a964b31ad6604a8f78.js","qps-ploca":"sp-core-library_qps-ploca_61a964b31ad6604a8f78.js","qps-ploc":"sp-core-library_qps-ploc_61a964b31ad6604a8f78.js","en-GB":"sp-core-library_en-us_61a964b31ad6604a8f78.js","en-NZ":"sp-core-library_en-us_61a964b31ad6604a8f78.js","en-IE":"sp-core-library_en-us_61a964b31ad6604a8f78.js","en-AU":"sp-core-library_en-us_61a964b31ad6604a8f78.js","bn":"sp-core-library_en-us_61a964b31ad6604a8f78.js","chr":"sp-core-library_en-us_61a964b31ad6604a8f78.js","dv":"sp-core-library_en-us_61a964b31ad6604a8f78.js","div":"sp-core-library_en-us_61a964b31ad6604a8f78.js","en":"sp-core-library_en-us_61a964b31ad6604a8f78.js","fil":"sp-core-library_en-us_61a964b31ad6604a8f78.js","haw":"sp-core-library_en-us_61a964b31ad6604a8f78.js","iu":"sp-core-library_en-us_61a964b31ad6604a8f78.js","lo":"sp-core-library_en-us_61a964b31ad6604a8f78.js","moh":"sp-core-library_en-us_61a964b31ad6604a8f78.js","sq":"sp-core-library_en-us_61a964b31ad6604a8f78.js","am":"sp-core-library_en-us_61a964b31ad6604a8f78.js","hy":"sp-core-library_en-us_61a964b31ad6604a8f78.js","mk":"sp-core-library_en-us_61a964b31ad6604a8f78.js","bs":"sp-core-library_en-us_61a964b31ad6604a8f78.js","my":"sp-core-library_en-us_61a964b31ad6604a8f78.js","dz":"sp-core-library_en-us_61a964b31ad6604a8f78.js","en-CY":"sp-core-library_en-us_61a964b31ad6604a8f78.js","en-EG":"sp-core-library_en-us_61a964b31ad6604a8f78.js","en-IL":"sp-core-library_en-us_61a964b31ad6604a8f78.js","en-IS":"sp-core-library_en-us_61a964b31ad6604a8f78.js","en-JO":"sp-core-library_en-us_61a964b31ad6604a8f78.js","en-KE":"sp-core-library_en-us_61a964b31ad6604a8f78.js","en-KW":"sp-core-library_en-us_61a964b31ad6604a8f78.js","en-MK":"sp-core-library_en-us_61a964b31ad6604a8f78.js","en-MT":"sp-core-library_en-us_61a964b31ad6604a8f78.js","en-PK":"sp-core-library_en-us_61a964b31ad6604a8f78.js","en-QA":"sp-core-library_en-us_61a964b31ad6604a8f78.js","en-SA":"sp-core-library_en-us_61a964b31ad6604a8f78.js","en-LK":"sp-core-library_en-us_61a964b31ad6604a8f78.js","en-AE":"sp-core-library_en-us_61a964b31ad6604a8f78.js","en-VN":"sp-core-library_en-us_61a964b31ad6604a8f78.js","is":"sp-core-library_en-us_61a964b31ad6604a8f78.js","km":"sp-core-library_en-us_61a964b31ad6604a8f78.js","kh":"sp-core-library_en-us_61a964b31ad6604a8f78.js","mt":"sp-core-library_en-us_61a964b31ad6604a8f78.js","fa":"sp-core-library_en-us_61a964b31ad6604a8f78.js","gd":"sp-core-library_en-us_61a964b31ad6604a8f78.js","sr-Cyrl-BA":"sp-core-library_en-us_61a964b31ad6604a8f78.js","sr-Latn-BA":"sp-core-library_en-us_61a964b31ad6604a8f78.js","sd":"sp-core-library_en-us_61a964b31ad6604a8f78.js","si":"sp-core-library_en-us_61a964b31ad6604a8f78.js","so":"sp-core-library_en-us_61a964b31ad6604a8f78.js","ti-ET":"sp-core-library_en-us_61a964b31ad6604a8f78.js","uz":"sp-core-library_en-us_61a964b31ad6604a8f78.js","en-SG":"sp-core-library_en-us_61a964b31ad6604a8f78.js","en-HK":"sp-core-library_en-us_61a964b31ad6604a8f78.js","en-MY":"sp-core-library_en-us_61a964b31ad6604a8f78.js","en-PH":"sp-core-library_en-us_61a964b31ad6604a8f78.js","en-TT":"sp-core-library_en-us_61a964b31ad6604a8f78.js","en-AZ":"sp-core-library_en-us_61a964b31ad6604a8f78.js","en-BH":"sp-core-library_en-us_61a964b31ad6604a8f78.js","en-BN":"sp-core-library_en-us_61a964b31ad6604a8f78.js","en-ID":"sp-core-library_en-us_61a964b31ad6604a8f78.js","mi":"sp-core-library_en-us_61a964b31ad6604a8f78.js"},"defaultPath":"sp-core-library_default_61a964b31ad6604a8f78.js"},"tslib":{"type":"component","id":"01c4df03-e775-48cb-aa14-171ee5199a15","version":"1.10.0"},"@ms/odsp-core-bundle":{"type":"component","id":"2e09fb9b-13bb-48f2-859f-97d6fff71176","version":"1.1.258"},"@microsoft/sp-lodash-subset":{"type":"component","id":"73e1dc6c-8441-42cc-ad47-4bd3659f8a3a","version":"1.14.0"}}}},{"id":"02a01e42-69ab-403d-8a16-acd128661f8e","alias":"OfficeUIFabricReact","componentType":"Library","version":"1.14.0","manifestVersion":2,"loaderConfig":{"internalModuleBaseUrls":["https://localhost:4321/node_modules/@microsoft/office-ui-fabric-react-bundle/dist/","https://localhost:4321/dist/"],"entryModuleId":"office-ui-fabric-react-bundle","scriptResources":{"office-ui-fabric-react-bundle":{"type":"path","path":"office-ui-fabric-react-bundle_none_515f97f811e3e9fdf0fd.js"},"tslib":{"type":"component","id":"01c4df03-e775-48cb-aa14-171ee5199a15","version":"1.10.0"},"react":{"type":"component","id":"0d910c1c-13b9-4e1c-9aa4-b008c5e42d7d","version":"16.13.1"},"react-dom":{"type":"component","id":"aa0a46ec-1505-43cd-a44a-93f3a5aa460a","version":"16.13.1"},"@ms/uifabric-styling-bundle":{"type":"component","id":"17ce0976-e69a-4355-be84-89b69a74717d","version":"0.1.3"}}}},{"manifestVersion":2,"id":"78359e4b-07c2-43c6-8d0b-d060b4d577e8","alias":"SPDiagnostics","componentType":"Library","version":"1.14.0","loaderConfig":{"internalModuleBaseUrls":["https://localhost:4321/node_modules/@microsoft/sp-diagnostics/dist/","https://localhost:4321/dist/"],"entryModuleId":"sp-diagnostics","scriptResources":{"sp-diagnostics":{"type":"path","path":"sp-diagnostics_none_0e1020d89ea111e40773.js"},"tslib":{"type":"component","id":"01c4df03-e775-48cb-aa14-171ee5199a15","version":"1.10.0"},"@microsoft/sp-lodash-subset":{"type":"component","id":"73e1dc6c-8441-42cc-ad47-4bd3659f8a3a","version":"1.14.0"},"@microsoft/sp-core-library":{"type":"component","id":"7263c7d0-1d6a-45ec-8d85-d4d1d234171b","version":"1.14.0"}}}},{"manifestVersion":2,"id":"e40f8203-b39d-425a-a957-714852e33b79","alias":"SPDynamicData","componentType":"Library","version":"1.14.0","loaderConfig":{"internalModuleBaseUrls":["https://localhost:4321/node_modules/@microsoft/sp-dynamic-data/dist/","https://localhost:4321/dist/"],"entryModuleId":"sp-dynamic-data","scriptResources":{"sp-dynamic-data":{"type":"localizedPath","paths":{"default":"sp-dynamic-data_default_d53d1072fa6cdabfd097.js","en-US":"sp-dynamic-data_en-us_d53d1072fa6cdabfd097.js","qps-ploca":"sp-dynamic-data_qps-ploca_d53d1072fa6cdabfd097.js","qps-ploc":"sp-dynamic-data_qps-ploc_d53d1072fa6cdabfd097.js","en-GB":"sp-dynamic-data_en-us_d53d1072fa6cdabfd097.js","en-NZ":"sp-dynamic-data_en-us_d53d1072fa6cdabfd097.js","en-IE":"sp-dynamic-data_en-us_d53d1072fa6cdabfd097.js","en-AU":"sp-dynamic-data_en-us_d53d1072fa6cdabfd097.js","bn":"sp-dynamic-data_en-us_d53d1072fa6cdabfd097.js","chr":"sp-dynamic-data_en-us_d53d1072fa6cdabfd097.js","dv":"sp-dynamic-data_en-us_d53d1072fa6cdabfd097.js","div":"sp-dynamic-data_en-us_d53d1072fa6cdabfd097.js","en":"sp-dynamic-data_en-us_d53d1072fa6cdabfd097.js","fil":"sp-dynamic-data_en-us_d53d1072fa6cdabfd097.js","haw":"sp-dynamic-data_en-us_d53d1072fa6cdabfd097.js","iu":"sp-dynamic-data_en-us_d53d1072fa6cdabfd097.js","lo":"sp-dynamic-data_en-us_d53d1072fa6cdabfd097.js","moh":"sp-dynamic-data_en-us_d53d1072fa6cdabfd097.js","sq":"sp-dynamic-data_en-us_d53d1072fa6cdabfd097.js","am":"sp-dynamic-data_en-us_d53d1072fa6cdabfd097.js","hy":"sp-dynamic-data_en-us_d53d1072fa6cdabfd097.js","mk":"sp-dynamic-data_en-us_d53d1072fa6cdabfd097.js","bs":"sp-dynamic-data_en-us_d53d1072fa6cdabfd097.js","my":"sp-dynamic-data_en-us_d53d1072fa6cdabfd097.js","dz":"sp-dynamic-data_en-us_d53d1072fa6cdabfd097.js","en-CY":"sp-dynamic-data_en-us_d53d1072fa6cdabfd097.js","en-EG":"sp-dynamic-data_en-us_d53d1072fa6cdabfd097.js","en-IL":"sp-dynamic-data_en-us_d53d1072fa6cdabfd097.js","en-IS":"sp-dynamic-data_en-us_d53d1072fa6cdabfd097.js","en-JO":"sp-dynamic-data_en-us_d53d1072fa6cdabfd097.js","en-KE":"sp-dynamic-data_en-us_d53d1072fa6cdabfd097.js","en-KW":"sp-dynamic-data_en-us_d53d1072fa6cdabfd097.js","en-MK":"sp-dynamic-data_en-us_d53d1072fa6cdabfd097.js","en-MT":"sp-dynamic-data_en-us_d53d1072fa6cdabfd097.js","en-PK":"sp-dynamic-data_en-us_d53d1072fa6cdabfd097.js","en-QA":"sp-dynamic-data_en-us_d53d1072fa6cdabfd097.js","en-SA":"sp-dynamic-data_en-us_d53d1072fa6cdabfd097.js","en-LK":"sp-dynamic-data_en-us_d53d1072fa6cdabfd097.js","en-AE":"sp-dynamic-data_en-us_d53d1072fa6cdabfd097.js","en-VN":"sp-dynamic-data_en-us_d53d1072fa6cdabfd097.js","is":"sp-dynamic-data_en-us_d53d1072fa6cdabfd097.js","km":"sp-dynamic-data_en-us_d53d1072fa6cdabfd097.js","kh":"sp-dynamic-data_en-us_d53d1072fa6cdabfd097.js","mt":"sp-dynamic-data_en-us_d53d1072fa6cdabfd097.js","fa":"sp-dynamic-data_en-us_d53d1072fa6cdabfd097.js","gd":"sp-dynamic-data_en-us_d53d1072fa6cdabfd097.js","sr-Cyrl-BA":"sp-dynamic-data_en-us_d53d1072fa6cdabfd097.js","sr-Latn-BA":"sp-dynamic-data_en-us_d53d1072fa6cdabfd097.js","sd":"sp-dynamic-data_en-us_d53d1072fa6cdabfd097.js","si":"sp-dynamic-data_en-us_d53d1072fa6cdabfd097.js","so":"sp-dynamic-data_en-us_d53d1072fa6cdabfd097.js","ti-ET":"sp-dynamic-data_en-us_d53d1072fa6cdabfd097.js","uz":"sp-dynamic-data_en-us_d53d1072fa6cdabfd097.js","en-SG":"sp-dynamic-data_en-us_d53d1072fa6cdabfd097.js","en-HK":"sp-dynamic-data_en-us_d53d1072fa6cdabfd097.js","en-MY":"sp-dynamic-data_en-us_d53d1072fa6cdabfd097.js","en-PH":"sp-dynamic-data_en-us_d53d1072fa6cdabfd097.js","en-TT":"sp-dynamic-data_en-us_d53d1072fa6cdabfd097.js","en-AZ":"sp-dynamic-data_en-us_d53d1072fa6cdabfd097.js","en-BH":"sp-dynamic-data_en-us_d53d1072fa6cdabfd097.js","en-BN":"sp-dynamic-data_en-us_d53d1072fa6cdabfd097.js","en-ID":"sp-dynamic-data_en-us_d53d1072fa6cdabfd097.js","mi":"sp-dynamic-data_en-us_d53d1072fa6cdabfd097.js"},"defaultPath":"sp-dynamic-data_default_d53d1072fa6cdabfd097.js"},"@microsoft/sp-lodash-subset":{"type":"component","id":"73e1dc6c-8441-42cc-ad47-4bd3659f8a3a","version":"1.14.0"},"@microsoft/sp-core-library":{"type":"component","id":"7263c7d0-1d6a-45ec-8d85-d4d1d234171b","version":"1.14.0"},"@microsoft/sp-diagnostics":{"type":"component","id":"78359e4b-07c2-43c6-8d0b-d060b4d577e8","version":"1.14.0"}}}},{"id":"c07208f0-ea3b-4c1a-9965-ac1b825211a6","alias":"SPHttp","componentType":"Library","version":"1.14.0","manifestVersion":2,"preloadComponents":[],"loaderConfig":{"internalModuleBaseUrls":["https://localhost:4321/node_modules/@microsoft/sp-http/dist/","https://localhost:4321/dist/"],"entryModuleId":"sp-http","scriptResources":{"sp-http":{"type":"localizedPath","paths":{"default":"sp-http_default_5823a412094e3a8f2e52.js","en-US":"sp-http_en-us_5823a412094e3a8f2e52.js","qps-ploca":"sp-http_qps-ploca_5823a412094e3a8f2e52.js","qps-ploc":"sp-http_qps-ploc_5823a412094e3a8f2e52.js","en-GB":"sp-http_en-us_5823a412094e3a8f2e52.js","en-NZ":"sp-http_en-us_5823a412094e3a8f2e52.js","en-IE":"sp-http_en-us_5823a412094e3a8f2e52.js","en-AU":"sp-http_en-us_5823a412094e3a8f2e52.js","bn":"sp-http_en-us_5823a412094e3a8f2e52.js","chr":"sp-http_en-us_5823a412094e3a8f2e52.js","dv":"sp-http_en-us_5823a412094e3a8f2e52.js","div":"sp-http_en-us_5823a412094e3a8f2e52.js","en":"sp-http_en-us_5823a412094e3a8f2e52.js","fil":"sp-http_en-us_5823a412094e3a8f2e52.js","haw":"sp-http_en-us_5823a412094e3a8f2e52.js","iu":"sp-http_en-us_5823a412094e3a8f2e52.js","lo":"sp-http_en-us_5823a412094e3a8f2e52.js","moh":"sp-http_en-us_5823a412094e3a8f2e52.js","sq":"sp-http_en-us_5823a412094e3a8f2e52.js","am":"sp-http_en-us_5823a412094e3a8f2e52.js","hy":"sp-http_en-us_5823a412094e3a8f2e52.js","mk":"sp-http_en-us_5823a412094e3a8f2e52.js","bs":"sp-http_en-us_5823a412094e3a8f2e52.js","my":"sp-http_en-us_5823a412094e3a8f2e52.js","dz":"sp-http_en-us_5823a412094e3a8f2e52.js","en-CY":"sp-http_en-us_5823a412094e3a8f2e52.js","en-EG":"sp-http_en-us_5823a412094e3a8f2e52.js","en-IL":"sp-http_en-us_5823a412094e3a8f2e52.js","en-IS":"sp-http_en-us_5823a412094e3a8f2e52.js","en-JO":"sp-http_en-us_5823a412094e3a8f2e52.js","en-KE":"sp-http_en-us_5823a412094e3a8f2e52.js","en-KW":"sp-http_en-us_5823a412094e3a8f2e52.js","en-MK":"sp-http_en-us_5823a412094e3a8f2e52.js","en-MT":"sp-http_en-us_5823a412094e3a8f2e52.js","en-PK":"sp-http_en-us_5823a412094e3a8f2e52.js","en-QA":"sp-http_en-us_5823a412094e3a8f2e52.js","en-SA":"sp-http_en-us_5823a412094e3a8f2e52.js","en-LK":"sp-http_en-us_5823a412094e3a8f2e52.js","en-AE":"sp-http_en-us_5823a412094e3a8f2e52.js","en-VN":"sp-http_en-us_5823a412094e3a8f2e52.js","is":"sp-http_en-us_5823a412094e3a8f2e52.js","km":"sp-http_en-us_5823a412094e3a8f2e52.js","kh":"sp-http_en-us_5823a412094e3a8f2e52.js","mt":"sp-http_en-us_5823a412094e3a8f2e52.js","fa":"sp-http_en-us_5823a412094e3a8f2e52.js","gd":"sp-http_en-us_5823a412094e3a8f2e52.js","sr-Cyrl-BA":"sp-http_en-us_5823a412094e3a8f2e52.js","sr-Latn-BA":"sp-http_en-us_5823a412094e3a8f2e52.js","sd":"sp-http_en-us_5823a412094e3a8f2e52.js","si":"sp-http_en-us_5823a412094e3a8f2e52.js","so":"sp-http_en-us_5823a412094e3a8f2e52.js","ti-ET":"sp-http_en-us_5823a412094e3a8f2e52.js","uz":"sp-http_en-us_5823a412094e3a8f2e52.js","en-SG":"sp-http_en-us_5823a412094e3a8f2e52.js","en-HK":"sp-http_en-us_5823a412094e3a8f2e52.js","en-MY":"sp-http_en-us_5823a412094e3a8f2e52.js","en-PH":"sp-http_en-us_5823a412094e3a8f2e52.js","en-TT":"sp-http_en-us_5823a412094e3a8f2e52.js","en-AZ":"sp-http_en-us_5823a412094e3a8f2e52.js","en-BH":"sp-http_en-us_5823a412094e3a8f2e52.js","en-BN":"sp-http_en-us_5823a412094e3a8f2e52.js","en-ID":"sp-http_en-us_5823a412094e3a8f2e52.js","mi":"sp-http_en-us_5823a412094e3a8f2e52.js"},"defaultPath":"sp-http_default_5823a412094e3a8f2e52.js"},"tslib":{"type":"component","id":"01c4df03-e775-48cb-aa14-171ee5199a15","version":"1.10.0"},"@ms/sp-telemetry":{"type":"component","id":"8217e442-8ed3-41fd-957d-b112e841286a","version":"0.21.51"},"@microsoft/sp-core-library":{"type":"component","id":"7263c7d0-1d6a-45ec-8d85-d4d1d234171b","version":"1.14.0"},"@microsoft/sp-diagnostics":{"type":"component","id":"78359e4b-07c2-43c6-8d0b-d060b4d577e8","version":"1.14.0"}}}},{"id":"1c4541f7-5c31-41aa-9fa8-fbc9dc14c0a8","alias":"SPPageContext","componentType":"Library","version":"1.14.0","manifestVersion":2,"loaderConfig":{"internalModuleBaseUrls":["https://localhost:4321/node_modules/@microsoft/sp-page-context/dist/","https://localhost:4321/dist/"],"entryModuleId":"sp-page-context","scriptResources":{"sp-page-context":{"type":"localizedPath","paths":{"default":"sp-page-context_default_264873e3a993b9416952.js","en-US":"sp-page-context_en-us_264873e3a993b9416952.js","qps-ploca":"sp-page-context_qps-ploca_264873e3a993b9416952.js","qps-ploc":"sp-page-context_qps-ploc_264873e3a993b9416952.js","en-GB":"sp-page-context_en-us_264873e3a993b9416952.js","en-NZ":"sp-page-context_en-us_264873e3a993b9416952.js","en-IE":"sp-page-context_en-us_264873e3a993b9416952.js","en-AU":"sp-page-context_en-us_264873e3a993b9416952.js","bn":"sp-page-context_en-us_264873e3a993b9416952.js","chr":"sp-page-context_en-us_264873e3a993b9416952.js","dv":"sp-page-context_en-us_264873e3a993b9416952.js","div":"sp-page-context_en-us_264873e3a993b9416952.js","en":"sp-page-context_en-us_264873e3a993b9416952.js","fil":"sp-page-context_en-us_264873e3a993b9416952.js","haw":"sp-page-context_en-us_264873e3a993b9416952.js","iu":"sp-page-context_en-us_264873e3a993b9416952.js","lo":"sp-page-context_en-us_264873e3a993b9416952.js","moh":"sp-page-context_en-us_264873e3a993b9416952.js","sq":"sp-page-context_en-us_264873e3a993b9416952.js","am":"sp-page-context_en-us_264873e3a993b9416952.js","hy":"sp-page-context_en-us_264873e3a993b9416952.js","mk":"sp-page-context_en-us_264873e3a993b9416952.js","bs":"sp-page-context_en-us_264873e3a993b9416952.js","my":"sp-page-context_en-us_264873e3a993b9416952.js","dz":"sp-page-context_en-us_264873e3a993b9416952.js","en-CY":"sp-page-context_en-us_264873e3a993b9416952.js","en-EG":"sp-page-context_en-us_264873e3a993b9416952.js","en-IL":"sp-page-context_en-us_264873e3a993b9416952.js","en-IS":"sp-page-context_en-us_264873e3a993b9416952.js","en-JO":"sp-page-context_en-us_264873e3a993b9416952.js","en-KE":"sp-page-context_en-us_264873e3a993b9416952.js","en-KW":"sp-page-context_en-us_264873e3a993b9416952.js","en-MK":"sp-page-context_en-us_264873e3a993b9416952.js","en-MT":"sp-page-context_en-us_264873e3a993b9416952.js","en-PK":"sp-page-context_en-us_264873e3a993b9416952.js","en-QA":"sp-page-context_en-us_264873e3a993b9416952.js","en-SA":"sp-page-context_en-us_264873e3a993b9416952.js","en-LK":"sp-page-context_en-us_264873e3a993b9416952.js","en-AE":"sp-page-context_en-us_264873e3a993b9416952.js","en-VN":"sp-page-context_en-us_264873e3a993b9416952.js","is":"sp-page-context_en-us_264873e3a993b9416952.js","km":"sp-page-context_en-us_264873e3a993b9416952.js","kh":"sp-page-context_en-us_264873e3a993b9416952.js","mt":"sp-page-context_en-us_264873e3a993b9416952.js","fa":"sp-page-context_en-us_264873e3a993b9416952.js","gd":"sp-page-context_en-us_264873e3a993b9416952.js","sr-Cyrl-BA":"sp-page-context_en-us_264873e3a993b9416952.js","sr-Latn-BA":"sp-page-context_en-us_264873e3a993b9416952.js","sd":"sp-page-context_en-us_264873e3a993b9416952.js","si":"sp-page-context_en-us_264873e3a993b9416952.js","so":"sp-page-context_en-us_264873e3a993b9416952.js","ti-ET":"sp-page-context_en-us_264873e3a993b9416952.js","uz":"sp-page-context_en-us_264873e3a993b9416952.js","en-SG":"sp-page-context_en-us_264873e3a993b9416952.js","en-HK":"sp-page-context_en-us_264873e3a993b9416952.js","en-MY":"sp-page-context_en-us_264873e3a993b9416952.js","en-PH":"sp-page-context_en-us_264873e3a993b9416952.js","en-TT":"sp-page-context_en-us_264873e3a993b9416952.js","en-AZ":"sp-page-context_en-us_264873e3a993b9416952.js","en-BH":"sp-page-context_en-us_264873e3a993b9416952.js","en-BN":"sp-page-context_en-us_264873e3a993b9416952.js","en-ID":"sp-page-context_en-us_264873e3a993b9416952.js","mi":"sp-page-context_en-us_264873e3a993b9416952.js"},"defaultPath":"sp-page-context_default_264873e3a993b9416952.js"},"@microsoft/sp-dynamic-data":{"type":"component","id":"e40f8203-b39d-425a-a957-714852e33b79","version":"1.14.0"},"@microsoft/sp-core-library":{"type":"component","id":"7263c7d0-1d6a-45ec-8d85-d4d1d234171b","version":"1.14.0"},"@microsoft/sp-diagnostics":{"type":"component","id":"78359e4b-07c2-43c6-8d0b-d060b4d577e8","version":"1.14.0"}}}},{"id":"467dc675-7cc5-4709-8aac-78e3b71bd2f6","alias":"SPComponentBase","componentType":"Library","version":"1.14.0","manifestVersion":2,"loaderConfig":{"internalModuleBaseUrls":["https://localhost:4321/node_modules/@microsoft/sp-component-base/dist/","https://localhost:4321/dist/"],"entryModuleId":"sp-component-base","scriptResources":{"sp-component-base":{"type":"localizedPath","paths":{"default":"sp-component-base_default_f510dfc265b8222fa720.js","en-US":"sp-component-base_en-us_f510dfc265b8222fa720.js","qps-ploca":"sp-component-base_qps-ploca_f510dfc265b8222fa720.js","qps-ploc":"sp-component-base_qps-ploc_f510dfc265b8222fa720.js","en-GB":"sp-component-base_en-us_f510dfc265b8222fa720.js","en-NZ":"sp-component-base_en-us_f510dfc265b8222fa720.js","en-IE":"sp-component-base_en-us_f510dfc265b8222fa720.js","en-AU":"sp-component-base_en-us_f510dfc265b8222fa720.js","bn":"sp-component-base_en-us_f510dfc265b8222fa720.js","chr":"sp-component-base_en-us_f510dfc265b8222fa720.js","dv":"sp-component-base_en-us_f510dfc265b8222fa720.js","div":"sp-component-base_en-us_f510dfc265b8222fa720.js","en":"sp-component-base_en-us_f510dfc265b8222fa720.js","fil":"sp-component-base_en-us_f510dfc265b8222fa720.js","haw":"sp-component-base_en-us_f510dfc265b8222fa720.js","iu":"sp-component-base_en-us_f510dfc265b8222fa720.js","lo":"sp-component-base_en-us_f510dfc265b8222fa720.js","moh":"sp-component-base_en-us_f510dfc265b8222fa720.js","sq":"sp-component-base_en-us_f510dfc265b8222fa720.js","am":"sp-component-base_en-us_f510dfc265b8222fa720.js","hy":"sp-component-base_en-us_f510dfc265b8222fa720.js","mk":"sp-component-base_en-us_f510dfc265b8222fa720.js","bs":"sp-component-base_en-us_f510dfc265b8222fa720.js","my":"sp-component-base_en-us_f510dfc265b8222fa720.js","dz":"sp-component-base_en-us_f510dfc265b8222fa720.js","en-CY":"sp-component-base_en-us_f510dfc265b8222fa720.js","en-EG":"sp-component-base_en-us_f510dfc265b8222fa720.js","en-IL":"sp-component-base_en-us_f510dfc265b8222fa720.js","en-IS":"sp-component-base_en-us_f510dfc265b8222fa720.js","en-JO":"sp-component-base_en-us_f510dfc265b8222fa720.js","en-KE":"sp-component-base_en-us_f510dfc265b8222fa720.js","en-KW":"sp-component-base_en-us_f510dfc265b8222fa720.js","en-MK":"sp-component-base_en-us_f510dfc265b8222fa720.js","en-MT":"sp-component-base_en-us_f510dfc265b8222fa720.js","en-PK":"sp-component-base_en-us_f510dfc265b8222fa720.js","en-QA":"sp-component-base_en-us_f510dfc265b8222fa720.js","en-SA":"sp-component-base_en-us_f510dfc265b8222fa720.js","en-LK":"sp-component-base_en-us_f510dfc265b8222fa720.js","en-AE":"sp-component-base_en-us_f510dfc265b8222fa720.js","en-VN":"sp-component-base_en-us_f510dfc265b8222fa720.js","is":"sp-component-base_en-us_f510dfc265b8222fa720.js","km":"sp-component-base_en-us_f510dfc265b8222fa720.js","kh":"sp-component-base_en-us_f510dfc265b8222fa720.js","mt":"sp-component-base_en-us_f510dfc265b8222fa720.js","fa":"sp-component-base_en-us_f510dfc265b8222fa720.js","gd":"sp-component-base_en-us_f510dfc265b8222fa720.js","sr-Cyrl-BA":"sp-component-base_en-us_f510dfc265b8222fa720.js","sr-Latn-BA":"sp-component-base_en-us_f510dfc265b8222fa720.js","sd":"sp-component-base_en-us_f510dfc265b8222fa720.js","si":"sp-component-base_en-us_f510dfc265b8222fa720.js","so":"sp-component-base_en-us_f510dfc265b8222fa720.js","ti-ET":"sp-component-base_en-us_f510dfc265b8222fa720.js","uz":"sp-component-base_en-us_f510dfc265b8222fa720.js","en-SG":"sp-component-base_en-us_f510dfc265b8222fa720.js","en-HK":"sp-component-base_en-us_f510dfc265b8222fa720.js","en-MY":"sp-component-base_en-us_f510dfc265b8222fa720.js","en-PH":"sp-component-base_en-us_f510dfc265b8222fa720.js","en-TT":"sp-component-base_en-us_f510dfc265b8222fa720.js","en-AZ":"sp-component-base_en-us_f510dfc265b8222fa720.js","en-BH":"sp-component-base_en-us_f510dfc265b8222fa720.js","en-BN":"sp-component-base_en-us_f510dfc265b8222fa720.js","en-ID":"sp-component-base_en-us_f510dfc265b8222fa720.js","mi":"sp-component-base_en-us_f510dfc265b8222fa720.js"},"defaultPath":"sp-component-base_default_f510dfc265b8222fa720.js"},"tslib":{"type":"component","id":"01c4df03-e775-48cb-aa14-171ee5199a15","version":"1.10.0"},"@microsoft/sp-dynamic-data":{"type":"component","id":"e40f8203-b39d-425a-a957-714852e33b79","version":"1.14.0"},"@microsoft/sp-lodash-subset":{"type":"component","id":"73e1dc6c-8441-42cc-ad47-4bd3659f8a3a","version":"1.14.0"},"@microsoft/sp-core-library":{"type":"component","id":"7263c7d0-1d6a-45ec-8d85-d4d1d234171b","version":"1.14.0"},"@microsoft/sp-page-context":{"type":"component","id":"1c4541f7-5c31-41aa-9fa8-fbc9dc14c0a8","version":"1.14.0"},"@microsoft/load-themed-styles":{"type":"component","id":"229b8d08-79f3-438b-8c21-4613fc877abd","version":"0.1.2"},"@microsoft/sp-diagnostics":{"type":"component","id":"78359e4b-07c2-43c6-8d0b-d060b4d577e8","version":"1.14.0"},"@microsoft/sp-http":{"type":"component","id":"c07208f0-ea3b-4c1a-9965-ac1b825211a6","version":"1.14.0"}}}},{"id":"1e384972-6346-49b4-93c7-b2e6763938e6","alias":"sp-polyfills","componentType":"Library","version":"1.14.0","manifestVersion":2,"loaderConfig":{"internalModuleBaseUrls":["https://localhost:4321/node_modules/@microsoft/sp-polyfills/dist/","http://localhost:4321/dist/"],"entryModuleId":"sp-polyfills","scriptResources":{"sp-polyfills":{"type":"path","path":"sp-polyfills_none_704faea72693917a6864.js"}}}},{"id":"1c6c9123-7aac-41f3-a376-3caea41ed83f","alias":"SPLoader","componentType":"Library","version":"1.14.0","manifestVersion":2,"loaderConfig":{"internalModuleBaseUrls":["https://localhost:4321/node_modules/@microsoft/sp-loader/dist/","https://localhost:54321/dist/"],"entryModuleId":"sp-loader","scriptResources":{"sp-loader":{"type":"localizedPath","paths":{"default":"sp-loader_default_9a47a365fa4a7cdad57d.js","en-US":"sp-loader_en-us_9a47a365fa4a7cdad57d.js","qps-ploca":"sp-loader_qps-ploca_9a47a365fa4a7cdad57d.js","qps-ploc":"sp-loader_qps-ploc_9a47a365fa4a7cdad57d.js","en-GB":"sp-loader_en-us_9a47a365fa4a7cdad57d.js","en-NZ":"sp-loader_en-us_9a47a365fa4a7cdad57d.js","en-IE":"sp-loader_en-us_9a47a365fa4a7cdad57d.js","en-AU":"sp-loader_en-us_9a47a365fa4a7cdad57d.js","bn":"sp-loader_en-us_9a47a365fa4a7cdad57d.js","chr":"sp-loader_en-us_9a47a365fa4a7cdad57d.js","dv":"sp-loader_en-us_9a47a365fa4a7cdad57d.js","div":"sp-loader_en-us_9a47a365fa4a7cdad57d.js","en":"sp-loader_en-us_9a47a365fa4a7cdad57d.js","fil":"sp-loader_en-us_9a47a365fa4a7cdad57d.js","haw":"sp-loader_en-us_9a47a365fa4a7cdad57d.js","iu":"sp-loader_en-us_9a47a365fa4a7cdad57d.js","lo":"sp-loader_en-us_9a47a365fa4a7cdad57d.js","moh":"sp-loader_en-us_9a47a365fa4a7cdad57d.js","sq":"sp-loader_en-us_9a47a365fa4a7cdad57d.js","am":"sp-loader_en-us_9a47a365fa4a7cdad57d.js","hy":"sp-loader_en-us_9a47a365fa4a7cdad57d.js","mk":"sp-loader_en-us_9a47a365fa4a7cdad57d.js","bs":"sp-loader_en-us_9a47a365fa4a7cdad57d.js","my":"sp-loader_en-us_9a47a365fa4a7cdad57d.js","dz":"sp-loader_en-us_9a47a365fa4a7cdad57d.js","en-CY":"sp-loader_en-us_9a47a365fa4a7cdad57d.js","en-EG":"sp-loader_en-us_9a47a365fa4a7cdad57d.js","en-IL":"sp-loader_en-us_9a47a365fa4a7cdad57d.js","en-IS":"sp-loader_en-us_9a47a365fa4a7cdad57d.js","en-JO":"sp-loader_en-us_9a47a365fa4a7cdad57d.js","en-KE":"sp-loader_en-us_9a47a365fa4a7cdad57d.js","en-KW":"sp-loader_en-us_9a47a365fa4a7cdad57d.js","en-MK":"sp-loader_en-us_9a47a365fa4a7cdad57d.js","en-MT":"sp-loader_en-us_9a47a365fa4a7cdad57d.js","en-PK":"sp-loader_en-us_9a47a365fa4a7cdad57d.js","en-QA":"sp-loader_en-us_9a47a365fa4a7cdad57d.js","en-SA":"sp-loader_en-us_9a47a365fa4a7cdad57d.js","en-LK":"sp-loader_en-us_9a47a365fa4a7cdad57d.js","en-AE":"sp-loader_en-us_9a47a365fa4a7cdad57d.js","en-VN":"sp-loader_en-us_9a47a365fa4a7cdad57d.js","is":"sp-loader_en-us_9a47a365fa4a7cdad57d.js","km":"sp-loader_en-us_9a47a365fa4a7cdad57d.js","kh":"sp-loader_en-us_9a47a365fa4a7cdad57d.js","mt":"sp-loader_en-us_9a47a365fa4a7cdad57d.js","fa":"sp-loader_en-us_9a47a365fa4a7cdad57d.js","gd":"sp-loader_en-us_9a47a365fa4a7cdad57d.js","sr-Cyrl-BA":"sp-loader_en-us_9a47a365fa4a7cdad57d.js","sr-Latn-BA":"sp-loader_en-us_9a47a365fa4a7cdad57d.js","sd":"sp-loader_en-us_9a47a365fa4a7cdad57d.js","si":"sp-loader_en-us_9a47a365fa4a7cdad57d.js","so":"sp-loader_en-us_9a47a365fa4a7cdad57d.js","ti-ET":"sp-loader_en-us_9a47a365fa4a7cdad57d.js","uz":"sp-loader_en-us_9a47a365fa4a7cdad57d.js","en-SG":"sp-loader_en-us_9a47a365fa4a7cdad57d.js","en-HK":"sp-loader_en-us_9a47a365fa4a7cdad57d.js","en-MY":"sp-loader_en-us_9a47a365fa4a7cdad57d.js","en-PH":"sp-loader_en-us_9a47a365fa4a7cdad57d.js","en-TT":"sp-loader_en-us_9a47a365fa4a7cdad57d.js","en-AZ":"sp-loader_en-us_9a47a365fa4a7cdad57d.js","en-BH":"sp-loader_en-us_9a47a365fa4a7cdad57d.js","en-BN":"sp-loader_en-us_9a47a365fa4a7cdad57d.js","en-ID":"sp-loader_en-us_9a47a365fa4a7cdad57d.js","mi":"sp-loader_en-us_9a47a365fa4a7cdad57d.js"},"defaultPath":"sp-loader_default_9a47a365fa4a7cdad57d.js"},"@ms/sp-telemetry":{"type":"component","id":"8217e442-8ed3-41fd-957d-b112e841286a","version":"0.21.51"},"@microsoft/sp-dynamic-data":{"type":"component","id":"e40f8203-b39d-425a-a957-714852e33b79","version":"1.14.0"},"@microsoft/sp-lodash-subset":{"type":"component","id":"73e1dc6c-8441-42cc-ad47-4bd3659f8a3a","version":"1.14.0"},"@microsoft/sp-core-library":{"type":"component","id":"7263c7d0-1d6a-45ec-8d85-d4d1d234171b","version":"1.14.0"},"@microsoft/sp-page-context":{"type":"component","id":"1c4541f7-5c31-41aa-9fa8-fbc9dc14c0a8","version":"1.14.0"},"@microsoft/load-themed-styles":{"type":"component","id":"229b8d08-79f3-438b-8c21-4613fc877abd","version":"0.1.2"},"@microsoft/sp-diagnostics":{"type":"component","id":"78359e4b-07c2-43c6-8d0b-d060b4d577e8","version":"1.14.0"},"@microsoft/sp-http":{"type":"component","id":"c07208f0-ea3b-4c1a-9965-ac1b825211a6","version":"1.14.0"}}}},{"manifestVersion":2,"componentType":"Library","id":"44bae1a2-d2eb-4e10-8c21-a1dbdce1036f","alias":"sp-loader-assembly","isInternal":true,"version":"1.0.0","rootComponentId":"1c6c9123-7aac-41f3-a376-3caea41ed83f","requiresCustomScript":false,"loaderConfig":{"internalModuleBaseUrls":["https://localhost:4321/node_modules/@microsoft/sp-loader/dist/"],"entryModuleId":"sp-loader-assembly","scriptResources":{"sp-loader-assembly":{"type":"localizedPath","paths":{"default":"sp-loader-assembly_default.js","en-US":"sp-loader-assembly_en-us.js","qps-ploca":"sp-loader-assembly_qps-ploca.js","qps-ploc":"sp-loader-assembly_qps-ploc.js","en-GB":"sp-loader-assembly_en-us.js","en-NZ":"sp-loader-assembly_en-us.js","en-IE":"sp-loader-assembly_en-us.js","en-AU":"sp-loader-assembly_en-us.js","bn":"sp-loader-assembly_en-us.js","chr":"sp-loader-assembly_en-us.js","dv":"sp-loader-assembly_en-us.js","div":"sp-loader-assembly_en-us.js","en":"sp-loader-assembly_en-us.js","fil":"sp-loader-assembly_en-us.js","haw":"sp-loader-assembly_en-us.js","iu":"sp-loader-assembly_en-us.js","lo":"sp-loader-assembly_en-us.js","moh":"sp-loader-assembly_en-us.js","sq":"sp-loader-assembly_en-us.js","am":"sp-loader-assembly_en-us.js","hy":"sp-loader-assembly_en-us.js","mk":"sp-loader-assembly_en-us.js","bs":"sp-loader-assembly_en-us.js","my":"sp-loader-assembly_en-us.js","dz":"sp-loader-assembly_en-us.js","en-CY":"sp-loader-assembly_en-us.js","en-EG":"sp-loader-assembly_en-us.js","en-IL":"sp-loader-assembly_en-us.js","en-IS":"sp-loader-assembly_en-us.js","en-JO":"sp-loader-assembly_en-us.js","en-KE":"sp-loader-assembly_en-us.js","en-KW":"sp-loader-assembly_en-us.js","en-MK":"sp-loader-assembly_en-us.js","en-MT":"sp-loader-assembly_en-us.js","en-PK":"sp-loader-assembly_en-us.js","en-QA":"sp-loader-assembly_en-us.js","en-SA":"sp-loader-assembly_en-us.js","en-LK":"sp-loader-assembly_en-us.js","en-AE":"sp-loader-assembly_en-us.js","en-VN":"sp-loader-assembly_en-us.js","is":"sp-loader-assembly_en-us.js","km":"sp-loader-assembly_en-us.js","kh":"sp-loader-assembly_en-us.js","mt":"sp-loader-assembly_en-us.js","fa":"sp-loader-assembly_en-us.js","gd":"sp-loader-assembly_en-us.js","sr-Cyrl-BA":"sp-loader-assembly_en-us.js","sr-Latn-BA":"sp-loader-assembly_en-us.js","sd":"sp-loader-assembly_en-us.js","si":"sp-loader-assembly_en-us.js","so":"sp-loader-assembly_en-us.js","ti-ET":"sp-loader-assembly_en-us.js","uz":"sp-loader-assembly_en-us.js","en-SG":"sp-loader-assembly_en-us.js","en-HK":"sp-loader-assembly_en-us.js","en-MY":"sp-loader-assembly_en-us.js","en-PH":"sp-loader-assembly_en-us.js","en-TT":"sp-loader-assembly_en-us.js","en-AZ":"sp-loader-assembly_en-us.js","en-BH":"sp-loader-assembly_en-us.js","en-BN":"sp-loader-assembly_en-us.js","en-ID":"sp-loader-assembly_en-us.js","mi":"sp-loader-assembly_en-us.js"},"defaultPath":"sp-loader-assembly_default.js"}}}},{"id":"0773bd53-a69e-4293-87e6-ba80ea4d614b","alias":"SPExtensionBase","componentType":"Library","version":"1.14.0","manifestVersion":2,"loaderConfig":{"internalModuleBaseUrls":["https://localhost:4321/node_modules/@microsoft/sp-extension-base/dist/","https://localhost:4321/dist/"],"entryModuleId":"sp-extension-base","scriptResources":{"sp-extension-base":{"type":"localizedPath","paths":{"default":"sp-extension-base_default_1b80447ab23ed40182a2.js","en-US":"sp-extension-base_en-us_1b80447ab23ed40182a2.js","qps-ploca":"sp-extension-base_qps-ploca_1b80447ab23ed40182a2.js","qps-ploc":"sp-extension-base_qps-ploc_1b80447ab23ed40182a2.js","en-GB":"sp-extension-base_en-us_1b80447ab23ed40182a2.js","en-NZ":"sp-extension-base_en-us_1b80447ab23ed40182a2.js","en-IE":"sp-extension-base_en-us_1b80447ab23ed40182a2.js","en-AU":"sp-extension-base_en-us_1b80447ab23ed40182a2.js","bn":"sp-extension-base_en-us_1b80447ab23ed40182a2.js","chr":"sp-extension-base_en-us_1b80447ab23ed40182a2.js","dv":"sp-extension-base_en-us_1b80447ab23ed40182a2.js","div":"sp-extension-base_en-us_1b80447ab23ed40182a2.js","en":"sp-extension-base_en-us_1b80447ab23ed40182a2.js","fil":"sp-extension-base_en-us_1b80447ab23ed40182a2.js","haw":"sp-extension-base_en-us_1b80447ab23ed40182a2.js","iu":"sp-extension-base_en-us_1b80447ab23ed40182a2.js","lo":"sp-extension-base_en-us_1b80447ab23ed40182a2.js","moh":"sp-extension-base_en-us_1b80447ab23ed40182a2.js","sq":"sp-extension-base_en-us_1b80447ab23ed40182a2.js","am":"sp-extension-base_en-us_1b80447ab23ed40182a2.js","hy":"sp-extension-base_en-us_1b80447ab23ed40182a2.js","mk":"sp-extension-base_en-us_1b80447ab23ed40182a2.js","bs":"sp-extension-base_en-us_1b80447ab23ed40182a2.js","my":"sp-extension-base_en-us_1b80447ab23ed40182a2.js","dz":"sp-extension-base_en-us_1b80447ab23ed40182a2.js","en-CY":"sp-extension-base_en-us_1b80447ab23ed40182a2.js","en-EG":"sp-extension-base_en-us_1b80447ab23ed40182a2.js","en-IL":"sp-extension-base_en-us_1b80447ab23ed40182a2.js","en-IS":"sp-extension-base_en-us_1b80447ab23ed40182a2.js","en-JO":"sp-extension-base_en-us_1b80447ab23ed40182a2.js","en-KE":"sp-extension-base_en-us_1b80447ab23ed40182a2.js","en-KW":"sp-extension-base_en-us_1b80447ab23ed40182a2.js","en-MK":"sp-extension-base_en-us_1b80447ab23ed40182a2.js","en-MT":"sp-extension-base_en-us_1b80447ab23ed40182a2.js","en-PK":"sp-extension-base_en-us_1b80447ab23ed40182a2.js","en-QA":"sp-extension-base_en-us_1b80447ab23ed40182a2.js","en-SA":"sp-extension-base_en-us_1b80447ab23ed40182a2.js","en-LK":"sp-extension-base_en-us_1b80447ab23ed40182a2.js","en-AE":"sp-extension-base_en-us_1b80447ab23ed40182a2.js","en-VN":"sp-extension-base_en-us_1b80447ab23ed40182a2.js","is":"sp-extension-base_en-us_1b80447ab23ed40182a2.js","km":"sp-extension-base_en-us_1b80447ab23ed40182a2.js","kh":"sp-extension-base_en-us_1b80447ab23ed40182a2.js","mt":"sp-extension-base_en-us_1b80447ab23ed40182a2.js","fa":"sp-extension-base_en-us_1b80447ab23ed40182a2.js","gd":"sp-extension-base_en-us_1b80447ab23ed40182a2.js","sr-Cyrl-BA":"sp-extension-base_en-us_1b80447ab23ed40182a2.js","sr-Latn-BA":"sp-extension-base_en-us_1b80447ab23ed40182a2.js","sd":"sp-extension-base_en-us_1b80447ab23ed40182a2.js","si":"sp-extension-base_en-us_1b80447ab23ed40182a2.js","so":"sp-extension-base_en-us_1b80447ab23ed40182a2.js","ti-ET":"sp-extension-base_en-us_1b80447ab23ed40182a2.js","uz":"sp-extension-base_en-us_1b80447ab23ed40182a2.js","en-SG":"sp-extension-base_en-us_1b80447ab23ed40182a2.js","en-HK":"sp-extension-base_en-us_1b80447ab23ed40182a2.js","en-MY":"sp-extension-base_en-us_1b80447ab23ed40182a2.js","en-PH":"sp-extension-base_en-us_1b80447ab23ed40182a2.js","en-TT":"sp-extension-base_en-us_1b80447ab23ed40182a2.js","en-AZ":"sp-extension-base_en-us_1b80447ab23ed40182a2.js","en-BH":"sp-extension-base_en-us_1b80447ab23ed40182a2.js","en-BN":"sp-extension-base_en-us_1b80447ab23ed40182a2.js","en-ID":"sp-extension-base_en-us_1b80447ab23ed40182a2.js","mi":"sp-extension-base_en-us_1b80447ab23ed40182a2.js"},"defaultPath":"sp-extension-base_default_1b80447ab23ed40182a2.js"},"tslib":{"type":"component","id":"01c4df03-e775-48cb-aa14-171ee5199a15","version":"1.10.0"},"@ms/sp-telemetry":{"type":"component","id":"8217e442-8ed3-41fd-957d-b112e841286a","version":"0.21.51"},"@microsoft/sp-component-base":{"type":"component","id":"467dc675-7cc5-4709-8aac-78e3b71bd2f6","version":"1.14.0"},"@microsoft/sp-loader":{"type":"component","id":"1c6c9123-7aac-41f3-a376-3caea41ed83f","version":"1.14.0"},"@microsoft/sp-core-library":{"type":"component","id":"7263c7d0-1d6a-45ec-8d85-d4d1d234171b","version":"1.14.0"},"@microsoft/sp-diagnostics":{"type":"component","id":"78359e4b-07c2-43c6-8d0b-d060b4d577e8","version":"1.14.0"}}}},{"manifestVersion":2,"id":"4958ea79-6ff3-4480-8291-0932dd010869","alias":"SPSearchExtensibility","componentType":"Library","version":"1.14.0","loaderConfig":{"internalModuleBaseUrls":["https://localhost:4321/node_modules/@microsoft/sp-search-extensibility/dist/","https://localhost:4321/dist/"],"entryModuleId":"sp-search-extensibility","scriptResources":{"sp-search-extensibility":{"type":"path","path":"sp-search-extensibility_none_54a8d0e9d30878ae4572.js"},"tslib":{"type":"component","id":"01c4df03-e775-48cb-aa14-171ee5199a15","version":"1.10.0"},"@microsoft/sp-loader":{"type":"component","id":"1c6c9123-7aac-41f3-a376-3caea41ed83f","version":"1.14.0"},"@microsoft/sp-core-library":{"type":"component","id":"7263c7d0-1d6a-45ec-8d85-d4d1d234171b","version":"1.14.0"},"@microsoft/sp-extension-base":{"type":"component","id":"0773bd53-a69e-4293-87e6-ba80ea4d614b","version":"1.14.0"},"@microsoft/sp-diagnostics":{"type":"component","id":"78359e4b-07c2-43c6-8d0b-d060b4d577e8","version":"1.14.0"}}}},{"manifestVersion":2,"componentType":"Library","id":"05580011-8e5d-45cc-8488-220e459c5c67","alias":"sp-default-assembly","isInternal":true,"version":"1.0.0","rootComponentId":"4df9bb86-ab0a-4aab-ab5f-48bf167048fb","requiresCustomScript":false,"loaderConfig":{"internalModuleBaseUrls":["https://localhost:4321/node_modules/@microsoft/sp-application-base/dist/"],"entryModuleId":"sp-default-assembly","scriptResources":{"sp-default-assembly":{"type":"localizedPath","paths":{"default":"sp-default-assembly_default.js","en-US":"sp-default-assembly_en-us.js","qps-ploca":"sp-default-assembly_qps-ploca.js","qps-ploc":"sp-default-assembly_qps-ploc.js","en-GB":"sp-default-assembly_en-us.js","en-NZ":"sp-default-assembly_en-us.js","en-IE":"sp-default-assembly_en-us.js","en-AU":"sp-default-assembly_en-us.js","bn":"sp-default-assembly_en-us.js","chr":"sp-default-assembly_en-us.js","dv":"sp-default-assembly_en-us.js","div":"sp-default-assembly_en-us.js","en":"sp-default-assembly_en-us.js","fil":"sp-default-assembly_en-us.js","haw":"sp-default-assembly_en-us.js","iu":"sp-default-assembly_en-us.js","lo":"sp-default-assembly_en-us.js","moh":"sp-default-assembly_en-us.js","sq":"sp-default-assembly_en-us.js","am":"sp-default-assembly_en-us.js","hy":"sp-default-assembly_en-us.js","mk":"sp-default-assembly_en-us.js","bs":"sp-default-assembly_en-us.js","my":"sp-default-assembly_en-us.js","dz":"sp-default-assembly_en-us.js","en-CY":"sp-default-assembly_en-us.js","en-EG":"sp-default-assembly_en-us.js","en-IL":"sp-default-assembly_en-us.js","en-IS":"sp-default-assembly_en-us.js","en-JO":"sp-default-assembly_en-us.js","en-KE":"sp-default-assembly_en-us.js","en-KW":"sp-default-assembly_en-us.js","en-MK":"sp-default-assembly_en-us.js","en-MT":"sp-default-assembly_en-us.js","en-PK":"sp-default-assembly_en-us.js","en-QA":"sp-default-assembly_en-us.js","en-SA":"sp-default-assembly_en-us.js","en-LK":"sp-default-assembly_en-us.js","en-AE":"sp-default-assembly_en-us.js","en-VN":"sp-default-assembly_en-us.js","is":"sp-default-assembly_en-us.js","km":"sp-default-assembly_en-us.js","kh":"sp-default-assembly_en-us.js","mt":"sp-default-assembly_en-us.js","fa":"sp-default-assembly_en-us.js","gd":"sp-default-assembly_en-us.js","sr-Cyrl-BA":"sp-default-assembly_en-us.js","sr-Latn-BA":"sp-default-assembly_en-us.js","sd":"sp-default-assembly_en-us.js","si":"sp-default-assembly_en-us.js","so":"sp-default-assembly_en-us.js","ti-ET":"sp-default-assembly_en-us.js","uz":"sp-default-assembly_en-us.js","en-SG":"sp-default-assembly_en-us.js","en-HK":"sp-default-assembly_en-us.js","en-MY":"sp-default-assembly_en-us.js","en-PH":"sp-default-assembly_en-us.js","en-TT":"sp-default-assembly_en-us.js","en-AZ":"sp-default-assembly_en-us.js","en-BH":"sp-default-assembly_en-us.js","en-BN":"sp-default-assembly_en-us.js","en-ID":"sp-default-assembly_en-us.js","mi":"sp-default-assembly_en-us.js"},"defaultPath":"sp-default-assembly_default.js"}}}},{"id":"4df9bb86-ab0a-4aab-ab5f-48bf167048fb","alias":"SPApplicationBase","componentType":"Library","version":"1.14.0","manifestVersion":2,"preloadComponents":["c0c518b8-701b-4f6f-956d-5782772bb731","4958ea79-6ff3-4480-8291-0932dd010869"],"loaderConfig":{"internalModuleBaseUrls":["https://localhost:4321/node_modules/@microsoft/sp-application-base/dist/","https://localhost:4321/dist/"],"entryModuleId":"sp-application-base","scriptResources":{"sp-application-base":{"type":"localizedPath","paths":{"default":"sp-application-base_default_33495309f9f3508fba15.js","en-US":"sp-application-base_en-us_33495309f9f3508fba15.js","qps-ploca":"sp-application-base_qps-ploca_33495309f9f3508fba15.js","qps-ploc":"sp-application-base_qps-ploc_33495309f9f3508fba15.js","en-GB":"sp-application-base_en-us_33495309f9f3508fba15.js","en-NZ":"sp-application-base_en-us_33495309f9f3508fba15.js","en-IE":"sp-application-base_en-us_33495309f9f3508fba15.js","en-AU":"sp-application-base_en-us_33495309f9f3508fba15.js","bn":"sp-application-base_en-us_33495309f9f3508fba15.js","chr":"sp-application-base_en-us_33495309f9f3508fba15.js","dv":"sp-application-base_en-us_33495309f9f3508fba15.js","div":"sp-application-base_en-us_33495309f9f3508fba15.js","en":"sp-application-base_en-us_33495309f9f3508fba15.js","fil":"sp-application-base_en-us_33495309f9f3508fba15.js","haw":"sp-application-base_en-us_33495309f9f3508fba15.js","iu":"sp-application-base_en-us_33495309f9f3508fba15.js","lo":"sp-application-base_en-us_33495309f9f3508fba15.js","moh":"sp-application-base_en-us_33495309f9f3508fba15.js","sq":"sp-application-base_en-us_33495309f9f3508fba15.js","am":"sp-application-base_en-us_33495309f9f3508fba15.js","hy":"sp-application-base_en-us_33495309f9f3508fba15.js","mk":"sp-application-base_en-us_33495309f9f3508fba15.js","bs":"sp-application-base_en-us_33495309f9f3508fba15.js","my":"sp-application-base_en-us_33495309f9f3508fba15.js","dz":"sp-application-base_en-us_33495309f9f3508fba15.js","en-CY":"sp-application-base_en-us_33495309f9f3508fba15.js","en-EG":"sp-application-base_en-us_33495309f9f3508fba15.js","en-IL":"sp-application-base_en-us_33495309f9f3508fba15.js","en-IS":"sp-application-base_en-us_33495309f9f3508fba15.js","en-JO":"sp-application-base_en-us_33495309f9f3508fba15.js","en-KE":"sp-application-base_en-us_33495309f9f3508fba15.js","en-KW":"sp-application-base_en-us_33495309f9f3508fba15.js","en-MK":"sp-application-base_en-us_33495309f9f3508fba15.js","en-MT":"sp-application-base_en-us_33495309f9f3508fba15.js","en-PK":"sp-application-base_en-us_33495309f9f3508fba15.js","en-QA":"sp-application-base_en-us_33495309f9f3508fba15.js","en-SA":"sp-application-base_en-us_33495309f9f3508fba15.js","en-LK":"sp-application-base_en-us_33495309f9f3508fba15.js","en-AE":"sp-application-base_en-us_33495309f9f3508fba15.js","en-VN":"sp-application-base_en-us_33495309f9f3508fba15.js","is":"sp-application-base_en-us_33495309f9f3508fba15.js","km":"sp-application-base_en-us_33495309f9f3508fba15.js","kh":"sp-application-base_en-us_33495309f9f3508fba15.js","mt":"sp-application-base_en-us_33495309f9f3508fba15.js","fa":"sp-application-base_en-us_33495309f9f3508fba15.js","gd":"sp-application-base_en-us_33495309f9f3508fba15.js","sr-Cyrl-BA":"sp-application-base_en-us_33495309f9f3508fba15.js","sr-Latn-BA":"sp-application-base_en-us_33495309f9f3508fba15.js","sd":"sp-application-base_en-us_33495309f9f3508fba15.js","si":"sp-application-base_en-us_33495309f9f3508fba15.js","so":"sp-application-base_en-us_33495309f9f3508fba15.js","ti-ET":"sp-application-base_en-us_33495309f9f3508fba15.js","uz":"sp-application-base_en-us_33495309f9f3508fba15.js","en-SG":"sp-application-base_en-us_33495309f9f3508fba15.js","en-HK":"sp-application-base_en-us_33495309f9f3508fba15.js","en-MY":"sp-application-base_en-us_33495309f9f3508fba15.js","en-PH":"sp-application-base_en-us_33495309f9f3508fba15.js","en-TT":"sp-application-base_en-us_33495309f9f3508fba15.js","en-AZ":"sp-application-base_en-us_33495309f9f3508fba15.js","en-BH":"sp-application-base_en-us_33495309f9f3508fba15.js","en-BN":"sp-application-base_en-us_33495309f9f3508fba15.js","en-ID":"sp-application-base_en-us_33495309f9f3508fba15.js","mi":"sp-application-base_en-us_33495309f9f3508fba15.js"},"defaultPath":"sp-application-base_default_33495309f9f3508fba15.js"},"tslib":{"type":"component","id":"01c4df03-e775-48cb-aa14-171ee5199a15","version":"1.10.0"},"@ms/sp-telemetry":{"type":"component","id":"8217e442-8ed3-41fd-957d-b112e841286a","version":"0.21.51"},"@microsoft/sp-component-base":{"type":"component","id":"467dc675-7cc5-4709-8aac-78e3b71bd2f6","version":"1.14.0"},"@microsoft/sp-loader":{"type":"component","id":"1c6c9123-7aac-41f3-a376-3caea41ed83f","version":"1.14.0"},"@microsoft/sp-lodash-subset":{"type":"component","id":"73e1dc6c-8441-42cc-ad47-4bd3659f8a3a","version":"1.14.0"},"@microsoft/sp-core-library":{"type":"component","id":"7263c7d0-1d6a-45ec-8d85-d4d1d234171b","version":"1.14.0"},"@microsoft/sp-page-context":{"type":"component","id":"1c4541f7-5c31-41aa-9fa8-fbc9dc14c0a8","version":"1.14.0"},"@microsoft/sp-extension-base":{"type":"component","id":"0773bd53-a69e-4293-87e6-ba80ea4d614b","version":"1.14.0"},"@microsoft/sp-diagnostics":{"type":"component","id":"78359e4b-07c2-43c6-8d0b-d060b4d577e8","version":"1.14.0"},"@microsoft/sp-http":{"type":"component","id":"c07208f0-ea3b-4c1a-9965-ac1b825211a6","version":"1.14.0"}}}},{"id":"c0c518b8-701b-4f6f-956d-5782772bb731","alias":"SPDialog","componentType":"Library","version":"1.14.0","manifestVersion":2,"loaderConfig":{"internalModuleBaseUrls":["https://localhost:4321/node_modules/@microsoft/sp-dialog/dist/","https://localhost:4321/dist/"],"entryModuleId":"sp-dialog","scriptResources":{"sp-dialog":{"type":"path","path":"sp-dialog_none_a705806a466f911d9879.js"},"tslib":{"type":"component","id":"01c4df03-e775-48cb-aa14-171ee5199a15","version":"1.10.0"},"@microsoft/sp-application-base":{"type":"component","id":"4df9bb86-ab0a-4aab-ab5f-48bf167048fb","version":"1.14.0"},"@microsoft/office-ui-fabric-react-bundle":{"type":"component","id":"02a01e42-69ab-403d-8a16-acd128661f8e","version":"1.14.0"},"@microsoft/sp-core-library":{"type":"component","id":"7263c7d0-1d6a-45ec-8d85-d4d1d234171b","version":"1.14.0"},"react":{"type":"component","id":"0d910c1c-13b9-4e1c-9aa4-b008c5e42d7d","version":"16.13.1"},"react-dom":{"type":"component","id":"aa0a46ec-1505-43cd-a44a-93f3a5aa460a","version":"16.13.1"},"@ms/uifabric-styling-bundle":{"type":"component","id":"17ce0976-e69a-4355-be84-89b69a74717d","version":"0.1.3"},"@microsoft/load-themed-styles":{"type":"component","id":"229b8d08-79f3-438b-8c21-4613fc877abd","version":"0.1.2"},"@microsoft/sp-diagnostics":{"type":"component","id":"78359e4b-07c2-43c6-8d0b-d060b4d577e8","version":"1.14.0"}}}},{"id":"29bd516f-4ece-40b7-8028-597cbc65a223","alias":"SpOfficeUIFabricCore","componentType":"Library","version":"1.14.0","manifestVersion":2,"loaderConfig":{"internalModuleBaseUrls":["https://localhost:4321/node_modules/@microsoft/sp-office-ui-fabric-core/dist/","http://localhost:4321/dist/"],"entryModuleId":"office-ui-fabric-core","scriptResources":{"office-ui-fabric-core":{"type":"path","path":"office-ui-fabric-core_none_a9c065e6331623c3c52b.js"},"@microsoft/load-themed-styles":{"type":"component","id":"229b8d08-79f3-438b-8c21-4613fc877abd","version":"0.1.2"}}}},{"id":"f9e737b7-f0df-4597-ba8c-3060f82380db","alias":"SPPropertyPane","componentType":"Library","version":"1.14.0","manifestVersion":2,"loaderConfig":{"internalModuleBaseUrls":["https://localhost:4321/node_modules/@microsoft/sp-property-pane/dist/","https://localhost:4321/dist/"],"entryModuleId":"sp-property-pane","scriptResources":{"sp-property-pane":{"type":"localizedPath","paths":{"default":"sp-property-pane_default_aa43ab558333017c46b2.js","en-US":"sp-property-pane_en-us_aa43ab558333017c46b2.js","qps-ploca":"sp-property-pane_qps-ploca_aa43ab558333017c46b2.js","qps-ploc":"sp-property-pane_qps-ploc_aa43ab558333017c46b2.js","en-GB":"sp-property-pane_en-us_aa43ab558333017c46b2.js","en-NZ":"sp-property-pane_en-us_aa43ab558333017c46b2.js","en-IE":"sp-property-pane_en-us_aa43ab558333017c46b2.js","en-AU":"sp-property-pane_en-us_aa43ab558333017c46b2.js","bn":"sp-property-pane_en-us_aa43ab558333017c46b2.js","chr":"sp-property-pane_en-us_aa43ab558333017c46b2.js","dv":"sp-property-pane_en-us_aa43ab558333017c46b2.js","div":"sp-property-pane_en-us_aa43ab558333017c46b2.js","en":"sp-property-pane_en-us_aa43ab558333017c46b2.js","fil":"sp-property-pane_en-us_aa43ab558333017c46b2.js","haw":"sp-property-pane_en-us_aa43ab558333017c46b2.js","iu":"sp-property-pane_en-us_aa43ab558333017c46b2.js","lo":"sp-property-pane_en-us_aa43ab558333017c46b2.js","moh":"sp-property-pane_en-us_aa43ab558333017c46b2.js","sq":"sp-property-pane_en-us_aa43ab558333017c46b2.js","am":"sp-property-pane_en-us_aa43ab558333017c46b2.js","hy":"sp-property-pane_en-us_aa43ab558333017c46b2.js","mk":"sp-property-pane_en-us_aa43ab558333017c46b2.js","bs":"sp-property-pane_en-us_aa43ab558333017c46b2.js","my":"sp-property-pane_en-us_aa43ab558333017c46b2.js","dz":"sp-property-pane_en-us_aa43ab558333017c46b2.js","en-CY":"sp-property-pane_en-us_aa43ab558333017c46b2.js","en-EG":"sp-property-pane_en-us_aa43ab558333017c46b2.js","en-IL":"sp-property-pane_en-us_aa43ab558333017c46b2.js","en-IS":"sp-property-pane_en-us_aa43ab558333017c46b2.js","en-JO":"sp-property-pane_en-us_aa43ab558333017c46b2.js","en-KE":"sp-property-pane_en-us_aa43ab558333017c46b2.js","en-KW":"sp-property-pane_en-us_aa43ab558333017c46b2.js","en-MK":"sp-property-pane_en-us_aa43ab558333017c46b2.js","en-MT":"sp-property-pane_en-us_aa43ab558333017c46b2.js","en-PK":"sp-property-pane_en-us_aa43ab558333017c46b2.js","en-QA":"sp-property-pane_en-us_aa43ab558333017c46b2.js","en-SA":"sp-property-pane_en-us_aa43ab558333017c46b2.js","en-LK":"sp-property-pane_en-us_aa43ab558333017c46b2.js","en-AE":"sp-property-pane_en-us_aa43ab558333017c46b2.js","en-VN":"sp-property-pane_en-us_aa43ab558333017c46b2.js","is":"sp-property-pane_en-us_aa43ab558333017c46b2.js","km":"sp-property-pane_en-us_aa43ab558333017c46b2.js","kh":"sp-property-pane_en-us_aa43ab558333017c46b2.js","mt":"sp-property-pane_en-us_aa43ab558333017c46b2.js","fa":"sp-property-pane_en-us_aa43ab558333017c46b2.js","gd":"sp-property-pane_en-us_aa43ab558333017c46b2.js","sr-Cyrl-BA":"sp-property-pane_en-us_aa43ab558333017c46b2.js","sr-Latn-BA":"sp-property-pane_en-us_aa43ab558333017c46b2.js","sd":"sp-property-pane_en-us_aa43ab558333017c46b2.js","si":"sp-property-pane_en-us_aa43ab558333017c46b2.js","so":"sp-property-pane_en-us_aa43ab558333017c46b2.js","ti-ET":"sp-property-pane_en-us_aa43ab558333017c46b2.js","uz":"sp-property-pane_en-us_aa43ab558333017c46b2.js","en-SG":"sp-property-pane_en-us_aa43ab558333017c46b2.js","en-HK":"sp-property-pane_en-us_aa43ab558333017c46b2.js","en-MY":"sp-property-pane_en-us_aa43ab558333017c46b2.js","en-PH":"sp-property-pane_en-us_aa43ab558333017c46b2.js","en-TT":"sp-property-pane_en-us_aa43ab558333017c46b2.js","en-AZ":"sp-property-pane_en-us_aa43ab558333017c46b2.js","en-BH":"sp-property-pane_en-us_aa43ab558333017c46b2.js","en-BN":"sp-property-pane_en-us_aa43ab558333017c46b2.js","en-ID":"sp-property-pane_en-us_aa43ab558333017c46b2.js","mi":"sp-property-pane_en-us_aa43ab558333017c46b2.js"},"defaultPath":"sp-property-pane_default_aa43ab558333017c46b2.js"},"@microsoft/sp-loader":{"type":"component","id":"1c6c9123-7aac-41f3-a376-3caea41ed83f","version":"1.14.0"},"@microsoft/sp-core-library":{"type":"component","id":"7263c7d0-1d6a-45ec-8d85-d4d1d234171b","version":"1.14.0"},"react":{"type":"component","id":"0d910c1c-13b9-4e1c-9aa4-b008c5e42d7d","version":"16.13.1"},"react-dom":{"type":"component","id":"aa0a46ec-1505-43cd-a44a-93f3a5aa460a","version":"16.13.1"},"@microsoft/load-themed-styles":{"type":"component","id":"229b8d08-79f3-438b-8c21-4613fc877abd","version":"0.1.2"},"@microsoft/sp-diagnostics":{"type":"component","id":"78359e4b-07c2-43c6-8d0b-d060b4d577e8","version":"1.14.0"}}}},{"id":"974a7777-0990-4136-8fa6-95d80114c2e0","alias":"SPWebPartBase","componentType":"Library","version":"1.14.0","manifestVersion":2,"preloadComponents":["f9e737b7-f0df-4597-ba8c-3060f82380db"],"loaderConfig":{"internalModuleBaseUrls":["https://localhost:4321/node_modules/@microsoft/sp-webpart-base/dist/","https://localhost:4321/dist/"],"entryModuleId":"sp-webpart-base","scriptResources":{"sp-webpart-base":{"type":"localizedPath","paths":{"default":"sp-webpart-base_default_c041ba1c901da938aa4d.js","en-US":"sp-webpart-base_en-us_c041ba1c901da938aa4d.js","qps-ploca":"sp-webpart-base_qps-ploca_c041ba1c901da938aa4d.js","qps-ploc":"sp-webpart-base_qps-ploc_c041ba1c901da938aa4d.js","en-GB":"sp-webpart-base_en-us_c041ba1c901da938aa4d.js","en-NZ":"sp-webpart-base_en-us_c041ba1c901da938aa4d.js","en-IE":"sp-webpart-base_en-us_c041ba1c901da938aa4d.js","en-AU":"sp-webpart-base_en-us_c041ba1c901da938aa4d.js","bn":"sp-webpart-base_en-us_c041ba1c901da938aa4d.js","chr":"sp-webpart-base_en-us_c041ba1c901da938aa4d.js","dv":"sp-webpart-base_en-us_c041ba1c901da938aa4d.js","div":"sp-webpart-base_en-us_c041ba1c901da938aa4d.js","en":"sp-webpart-base_en-us_c041ba1c901da938aa4d.js","fil":"sp-webpart-base_en-us_c041ba1c901da938aa4d.js","haw":"sp-webpart-base_en-us_c041ba1c901da938aa4d.js","iu":"sp-webpart-base_en-us_c041ba1c901da938aa4d.js","lo":"sp-webpart-base_en-us_c041ba1c901da938aa4d.js","moh":"sp-webpart-base_en-us_c041ba1c901da938aa4d.js","sq":"sp-webpart-base_en-us_c041ba1c901da938aa4d.js","am":"sp-webpart-base_en-us_c041ba1c901da938aa4d.js","hy":"sp-webpart-base_en-us_c041ba1c901da938aa4d.js","mk":"sp-webpart-base_en-us_c041ba1c901da938aa4d.js","bs":"sp-webpart-base_en-us_c041ba1c901da938aa4d.js","my":"sp-webpart-base_en-us_c041ba1c901da938aa4d.js","dz":"sp-webpart-base_en-us_c041ba1c901da938aa4d.js","en-CY":"sp-webpart-base_en-us_c041ba1c901da938aa4d.js","en-EG":"sp-webpart-base_en-us_c041ba1c901da938aa4d.js","en-IL":"sp-webpart-base_en-us_c041ba1c901da938aa4d.js","en-IS":"sp-webpart-base_en-us_c041ba1c901da938aa4d.js","en-JO":"sp-webpart-base_en-us_c041ba1c901da938aa4d.js","en-KE":"sp-webpart-base_en-us_c041ba1c901da938aa4d.js","en-KW":"sp-webpart-base_en-us_c041ba1c901da938aa4d.js","en-MK":"sp-webpart-base_en-us_c041ba1c901da938aa4d.js","en-MT":"sp-webpart-base_en-us_c041ba1c901da938aa4d.js","en-PK":"sp-webpart-base_en-us_c041ba1c901da938aa4d.js","en-QA":"sp-webpart-base_en-us_c041ba1c901da938aa4d.js","en-SA":"sp-webpart-base_en-us_c041ba1c901da938aa4d.js","en-LK":"sp-webpart-base_en-us_c041ba1c901da938aa4d.js","en-AE":"sp-webpart-base_en-us_c041ba1c901da938aa4d.js","en-VN":"sp-webpart-base_en-us_c041ba1c901da938aa4d.js","is":"sp-webpart-base_en-us_c041ba1c901da938aa4d.js","km":"sp-webpart-base_en-us_c041ba1c901da938aa4d.js","kh":"sp-webpart-base_en-us_c041ba1c901da938aa4d.js","mt":"sp-webpart-base_en-us_c041ba1c901da938aa4d.js","fa":"sp-webpart-base_en-us_c041ba1c901da938aa4d.js","gd":"sp-webpart-base_en-us_c041ba1c901da938aa4d.js","sr-Cyrl-BA":"sp-webpart-base_en-us_c041ba1c901da938aa4d.js","sr-Latn-BA":"sp-webpart-base_en-us_c041ba1c901da938aa4d.js","sd":"sp-webpart-base_en-us_c041ba1c901da938aa4d.js","si":"sp-webpart-base_en-us_c041ba1c901da938aa4d.js","so":"sp-webpart-base_en-us_c041ba1c901da938aa4d.js","ti-ET":"sp-webpart-base_en-us_c041ba1c901da938aa4d.js","uz":"sp-webpart-base_en-us_c041ba1c901da938aa4d.js","en-SG":"sp-webpart-base_en-us_c041ba1c901da938aa4d.js","en-HK":"sp-webpart-base_en-us_c041ba1c901da938aa4d.js","en-MY":"sp-webpart-base_en-us_c041ba1c901da938aa4d.js","en-PH":"sp-webpart-base_en-us_c041ba1c901da938aa4d.js","en-TT":"sp-webpart-base_en-us_c041ba1c901da938aa4d.js","en-AZ":"sp-webpart-base_en-us_c041ba1c901da938aa4d.js","en-BH":"sp-webpart-base_en-us_c041ba1c901da938aa4d.js","en-BN":"sp-webpart-base_en-us_c041ba1c901da938aa4d.js","en-ID":"sp-webpart-base_en-us_c041ba1c901da938aa4d.js","mi":"sp-webpart-base_en-us_c041ba1c901da938aa4d.js"},"defaultPath":"sp-webpart-base_default_c041ba1c901da938aa4d.js"},"tslib":{"type":"component","id":"01c4df03-e775-48cb-aa14-171ee5199a15","version":"1.10.0"},"@ms/sp-telemetry":{"type":"component","id":"8217e442-8ed3-41fd-957d-b112e841286a","version":"0.21.51"},"@microsoft/sp-component-base":{"type":"component","id":"467dc675-7cc5-4709-8aac-78e3b71bd2f6","version":"1.14.0"},"@microsoft/sp-loader":{"type":"component","id":"1c6c9123-7aac-41f3-a376-3caea41ed83f","version":"1.14.0"},"@microsoft/sp-lodash-subset":{"type":"component","id":"73e1dc6c-8441-42cc-ad47-4bd3659f8a3a","version":"1.14.0"},"@microsoft/sp-core-library":{"type":"component","id":"7263c7d0-1d6a-45ec-8d85-d4d1d234171b","version":"1.14.0"},"@microsoft/sp-page-context":{"type":"component","id":"1c4541f7-5c31-41aa-9fa8-fbc9dc14c0a8","version":"1.14.0"},"@ms/sp-edit-customer-promise":{"type":"component","id":"42647dee-1f75-4b9f-b521-5c844a6c35cc","version":"0.1.0"},"@microsoft/load-themed-styles":{"type":"component","id":"229b8d08-79f3-438b-8c21-4613fc877abd","version":"0.1.2"},"@microsoft/sp-diagnostics":{"type":"component","id":"78359e4b-07c2-43c6-8d0b-d060b4d577e8","version":"1.14.0"},"@microsoft/sp-http":{"type":"component","id":"c07208f0-ea3b-4c1a-9965-ac1b825211a6","version":"1.14.0"}}}},{"id":"86eddd3a-8fe7-4ff9-a67c-63f42b6ca3f3","alias":"CommonHeaderandFooterApplicationCustomiz","componentType":"Extension","extensionType":"ApplicationCustomizer","version":"0.0.1","manifestVersion":2,"requiresCustomScript":false,"loaderConfig":{"internalModuleBaseUrls":["https://localhost:4321/dist/"],"entryModuleId":"common-headerand-footer-application-customizer","scriptResources":{"common-headerand-footer-application-customizer":{"type":"path","path":"common-headerand-footer-application-customizer_f64315a89a687cf975c7.js"},"@microsoft/sp-application-base":{"type":"component","id":"4df9bb86-ab0a-4aab-ab5f-48bf167048fb","version":"1.14.0"},"@microsoft/sp-loader":{"type":"component","id":"1c6c9123-7aac-41f3-a376-3caea41ed83f","version":"1.14.0"},"reactDom":{"type":"path","path":"https://ttponline.sharepoint.com/sites/FEO1/Style%20Library/FEO1/js/react-dom.js","globalName":"reactDom"},"CommonHeaderandFooterApplicationCustomizerStrings":{"type":"path","path":"CommonHeaderandFooterApplicationCustomizerStrings_en-us_945db809e0e7e926e956c4ee6eace5c7.js"},"jquery":{"type":"path","path":"https://ttponline.sharepoint.com/sites/FEO1/Style Library/FEO1/js/jquery.min.js","globalName":"jquery"},"bootstrap":{"type":"path","path":"https://ttponline.sharepoint.com/sites/FEO1/Style Library/FEO1/js/bootstrap.bundle.min.js","globalName":"bootstrap"},"@microsoft/sp-core-library":{"type":"component","id":"7263c7d0-1d6a-45ec-8d85-d4d1d234171b","version":"1.14.0"},"react":{"type":"component","id":"0d910c1c-13b9-4e1c-9aa4-b008c5e42d7d","version":"16.13.1"},"react-dom":{"type":"component","id":"aa0a46ec-1505-43cd-a44a-93f3a5aa460a","version":"16.13.1"},"browser":{"type":"path","path":"https://ttponline.sharepoint.com/sites/FEO1/Style%20Library/FEO1/js/browser.js","globalName":"browser"},"@microsoft/sp-http":{"type":"component","id":"c07208f0-ea3b-4c1a-9965-ac1b825211a6","version":"1.14.0"}}}},{"id":"bf2f7d88-c694-47ac-a67b-345809346b3f","alias":"RightSectionWebPart","componentType":"WebPart","version":"0.0.1","manifestVersion":2,"requiresCustomScript":false,"supportedHosts":["SharePointWebPart","TeamsPersonalApp","TeamsTab","SharePointFullPage"],"supportsThemeVariants":true,"preconfiguredEntries":[{"groupId":"5c03119e-3074-46fd-976b-c60198311f70","group":{"default":"Other"},"title":{"default":"RightSection"},"description":{"default":"RightSection description"},"officeFabricIconFontName":"Page","properties":{"description":"RightSection"}}],"loaderConfig":{"internalModuleBaseUrls":["https://localhost:4321/dist/"],"entryModuleId":"right-section-web-part","scriptResources":{"right-section-web-part":{"type":"path","path":"right-section-web-part_8c94037132f43dc01d61.js"},"@microsoft/sp-property-pane":{"type":"component","id":"f9e737b7-f0df-4597-ba8c-3060f82380db","version":"1.14.0"},"@microsoft/sp-core-library":{"type":"component","id":"7263c7d0-1d6a-45ec-8d85-d4d1d234171b","version":"1.14.0"},"@microsoft/sp-webpart-base":{"type":"component","id":"974a7777-0990-4136-8fa6-95d80114c2e0","version":"1.14.0"},"react":{"type":"component","id":"0d910c1c-13b9-4e1c-9aa4-b008c5e42d7d","version":"16.13.1"},"RightSectionWebPartStrings":{"type":"path","path":"RightSectionWebPartStrings_en-us_ab0373b2a20479e31e6fa297c55f351c.js"},"react-dom":{"type":"component","id":"aa0a46ec-1505-43cd-a44a-93f3a5aa460a","version":"16.13.1"}}}},{"id":"fe9a9f03-8279-4058-aef3-b13ed3386e73","alias":"CurrentNavWebPart","componentType":"WebPart","version":"0.0.1","manifestVersion":2,"requiresCustomScript":false,"supportedHosts":["SharePointWebPart","TeamsPersonalApp","TeamsTab","SharePointFullPage"],"supportsThemeVariants":true,"preconfiguredEntries":[{"groupId":"5c03119e-3074-46fd-976b-c60198311f70","group":{"default":"Other"},"title":{"default":"CurrentNav"},"description":{"default":"CurrentNav description"},"officeFabricIconFontName":"Page","properties":{"description":"CurrentNav"}}],"loaderConfig":{"internalModuleBaseUrls":["https://localhost:4321/dist/"],"entryModuleId":"current-nav-web-part","scriptResources":{"current-nav-web-part":{"type":"path","path":"current-nav-web-part_0ea1ded873bfcb00bf7c.js"},"@microsoft/sp-property-pane":{"type":"component","id":"f9e737b7-f0df-4597-ba8c-3060f82380db","version":"1.14.0"},"@microsoft/sp-core-library":{"type":"component","id":"7263c7d0-1d6a-45ec-8d85-d4d1d234171b","version":"1.14.0"},"CurrentNavWebPartStrings":{"type":"path","path":"CurrentNavWebPartStrings_en-us_ab0373b2a20479e31e6fa297c55f351c.js"},"@microsoft/sp-webpart-base":{"type":"component","id":"974a7777-0990-4136-8fa6-95d80114c2e0","version":"1.14.0"},"react":{"type":"component","id":"0d910c1c-13b9-4e1c-9aa4-b008c5e42d7d","version":"16.13.1"},"react-dom":{"type":"component","id":"aa0a46ec-1505-43cd-a44a-93f3a5aa460a","version":"16.13.1"}}}}]