{
  "id": "86eddd3a-8fe7-4ff9-a67c-63f42b6ca3f3",
  "alias": "CommonHeaderandFooterApplicationCustomiz",
  "componentType": "Extension",
  "extensionType": "ApplicationCustomizer",
  "version": "0.0.1",
  "manifestVersion": 2,
  "requiresCustomScript": false,
  "loaderConfig": {
    "internalModuleBaseUrls": [
      "<!-- PATH TO CDN -->"
    ],
    "entryModuleId": "common-headerand-footer-application-customizer",
    "scriptResources": {
      "common-headerand-footer-application-customizer": {
        "type": "path",
        "path": "common-headerand-footer-application-customizer_f64315a89a687cf975c7.js"
      },
      "@microsoft/sp-application-base": {
        "type": "component",
        "id": "4df9bb86-ab0a-4aab-ab5f-48bf167048fb",
        "version": "1.14.0"
      },
      "@microsoft/sp-loader": {
        "type": "component",
        "id": "1c6c9123-7aac-41f3-a376-3caea41ed83f",
        "version": "1.14.0"
      },
      "reactDom": {
        "type": "path",
        "path": "https://ttponline.sharepoint.com/sites/FEO1/Style%20Library/FEO1/js/react-dom.js",
        "globalName": "reactDom"
      },
      "CommonHeaderandFooterApplicationCustomizerStrings": {
        "type": "path",
        "path": "CommonHeaderandFooterApplicationCustomizerStrings_en-us_945db809e0e7e926e956c4ee6eace5c7.js"
      },
      "jquery": {
        "type": "path",
        "path": "https://ttponline.sharepoint.com/sites/FEO1/Style Library/FEO1/js/jquery.min.js",
        "globalName": "jquery"
      },
      "bootstrap": {
        "type": "path",
        "path": "https://ttponline.sharepoint.com/sites/FEO1/Style Library/FEO1/js/bootstrap.bundle.min.js",
        "globalName": "bootstrap"
      },
      "@microsoft/sp-core-library": {
        "type": "component",
        "id": "7263c7d0-1d6a-45ec-8d85-d4d1d234171b",
        "version": "1.14.0"
      },
      "react": {
        "type": "component",
        "id": "0d910c1c-13b9-4e1c-9aa4-b008c5e42d7d",
        "version": "16.13.1"
      },
      "react-dom": {
        "type": "component",
        "id": "aa0a46ec-1505-43cd-a44a-93f3a5aa460a",
        "version": "16.13.1"
      },
      "browser": {
        "type": "path",
        "path": "https://ttponline.sharepoint.com/sites/FEO1/Style%20Library/FEO1/js/browser.js",
        "globalName": "browser"
      },
      "@microsoft/sp-http": {
        "type": "component",
        "id": "c07208f0-ea3b-4c1a-9965-ac1b825211a6",
        "version": "1.14.0"
      }
    }
  }
}