{
  "id": "fe9a9f03-8279-4058-aef3-b13ed3386e73",
  "alias": "CurrentNavWebPart",
  "componentType": "WebPart",
  "version": "0.0.1",
  "manifestVersion": 2,
  "requiresCustomScript": false,
  "supportedHosts": [
    "SharePointWebPart",
    "TeamsPersonalApp",
    "TeamsTab",
    "SharePointFullPage"
  ],
  "supportsThemeVariants": true,
  "preconfiguredEntries": [
    {
      "groupId": "5c03119e-3074-46fd-976b-c60198311f70",
      "group": {
        "default": "Other"
      },
      "title": {
        "default": "CurrentNav"
      },
      "description": {
        "default": "CurrentNav description"
      },
      "officeFabricIconFontName": "Page",
      "properties": {
        "description": "CurrentNav"
      }
    }
  ],
  "loaderConfig": {
    "internalModuleBaseUrls": [
      "<!-- PATH TO CDN -->"
    ],
    "entryModuleId": "current-nav-web-part",
    "scriptResources": {
      "current-nav-web-part": {
        "type": "path",
        "path": "current-nav-web-part_0ea1ded873bfcb00bf7c.js"
      },
      "@microsoft/sp-property-pane": {
        "type": "component",
        "id": "f9e737b7-f0df-4597-ba8c-3060f82380db",
        "version": "1.14.0"
      },
      "@microsoft/sp-core-library": {
        "type": "component",
        "id": "7263c7d0-1d6a-45ec-8d85-d4d1d234171b",
        "version": "1.14.0"
      },
      "CurrentNavWebPartStrings": {
        "type": "path",
        "path": "CurrentNavWebPartStrings_en-us_ab0373b2a20479e31e6fa297c55f351c.js"
      },
      "@microsoft/sp-webpart-base": {
        "type": "component",
        "id": "974a7777-0990-4136-8fa6-95d80114c2e0",
        "version": "1.14.0"
      },
      "react": {
        "type": "component",
        "id": "0d910c1c-13b9-4e1c-9aa4-b008c5e42d7d",
        "version": "16.13.1"
      },
      "react-dom": {
        "type": "component",
        "id": "aa0a46ec-1505-43cd-a44a-93f3a5aa460a",
        "version": "16.13.1"
      }
    }
  }
}