<?xml version="1.0" encoding="utf-8"?><App xmlns="http://schemas.microsoft.com/sharepoint/2012/app/manifest" Name="one-feo-client-side-solution" ProductID="68e462a7-7eb1-4b4c-802d-c0f280ce4f23" Version="1.0.0.13" SharePointMinVersion="16.0.0.0" IsClientSideSolution="true" SkipFeatureDeployment="true" IsDomainIsolated="false"><Properties><Title>one-feo-client-side-solution</Title><DeveloperProperties>{&quot;name&quot;:&quot;&quot;,&quot;websiteUrl&quot;:&quot;&quot;,&quot;privacyUrl&quot;:&quot;&quot;,&quot;termsOfUseUrl&quot;:&quot;&quot;,&quot;mpnId&quot;:&quot;Undefined-1.14.0&quot;}</DeveloperProperties><ShortDescription><LocalizedString CultureName="default">OneFeo description</LocalizedString></ShortDescription><LongDescription><LocalizedString CultureName="default">OneFeo description</LocalizedString></LongDescription><Screenshots></Screenshots></Properties></App>